<template xmlns="http://ws.apache.org/ns/synapse" name="sayHello">
    <parameter name="name" description="Name for grpc request"/>
    <parameter name="responseVariable" description="The name of the variable to which the response should be stored."/>
    <parameter name="overwriteBody" description="Replace the Message Body in Message Context with the response of the operation."/>
    <sequence>
    <!-- Possibly an In mediator or other mediators that read the inbound request -->
        <!-- Initiate Connection -->
    <class name="org.wso2.carbon.payloadvconnector.PersonMediator">
        <property name="name" expression="$func:name"/>
    </class>
</sequence>
</template>
