{
    "connectorName": "payloadv",
    "operationName": "helloRequest",
    "title": "Get Path Id",
    "help": "This is getPathId operation.",
    "markdownDescription": "# Summary\n \n# Prerequisites\n\n# Input\n\n# Output\n\n# Error\n\n# Example\n\n# Notes\n\n",
    "elements": [
        {
            "type": "attributeGroup",
            "value": {
                "groupName": "General",
                "elements": [
                    {
                        "type": "attribute",
                        "value": {
                          "name": "configRef",
                          "displayName": "Connection",
                          "inputType": "connection",
                          "allowedConnectionTypes": [
                            "payloadv"
                          ],
                          "defaultType": "connection.payloadv",
                          "defaultValue": "",
                          "required": "true",
                          "helpTip": "Connection to be used"
                        }
                    }
                    ,{
                        "type":"attributeGroup",
                        "value":{
                            "groupName": "Parameters",
                            "elements":[
                                    {
                                        "type":"attribute",
                                        "value":{
                                            "name": "name",
                                            "displayName": "Name",
                                            "inputType": "stringOrExpression",
                                            "defaultValue": "",
                                            "required": "true",
                                            "helpTip": ""
                                        }
                                    }
                            ]
                        }
                    }
                    ,{
                        "type":"attributeGroup",
                        "value":{
                            "groupName": "Response",
                            "elements":[
                                {
                                    "type":"attribute",
                                    "value":{
                                        "name": "responseVariable",
                                        "displayName": "Target",
                                        "inputType": "string",
                                        "deriveResponseVariable" : true,
                                        "required": "true",
                                        "helpTip": "Name of the variable to which the output of the operation should be assigned"
                                    }
                                },
                                {
                                    "type":"attribute",
                                    "value":{
                                        "name": "overwriteBody",
                                        "displayName": "Replace Message Body",
                                        "inputType": "checkbox",
                                        "defaultValue": "false",
                                        "helpTip": "Replace the Message Body in Message Context with the response of the operation.",
                                        "required": "false"
                                    }
                                }
                            ]
                        }
                    }
                ]
            }
        }
    ]
}
